<application>
  <component name="ProjectManager">
    <defaultProject>
      <component name="ComposerSettings">
        <execution>
          <executable />
        </execution>
      </component>
      <component name="PhpProjectSharedConfiguration" php_language_level="7.3" />
      <component name="PhpWorkspaceProjectConfiguration">
        <include_path>
          <path value="C:/xampp/php" />
        </include_path>
      </component>
      <component name="PropertiesComponent">
        <property name="last_opened_file_path" value="C:/xampp/php/php.exe" />
        <property name="settings.editor.selected.configurable" value="web.server" />
      </component>
    </defaultProject>
  </component>
</application>